{"name":"e53712af-e221-4981-8c00-382ffdb9cf7d","id":"/providers/Microsoft.Flow/flows/e53712af-e221-4981-8c00-382ffdb9cf7d","type":"Microsoft.Flow/flows","properties":{"apiId":"/providers/Microsoft.PowerApps/apis/shared_logicflows","displayName":"Sentiment","definition":{"metadata":{"workflowEntityId":null,"processAdvisorMetadata":null,"flowChargedByPaygo":null,"flowclientsuspensionreason":"None","flowclientsuspensiontime":null,"flowclientsuspensionreasondetails":null,"creator":{"id":"05bab611-0329-453b-89d4-7cbe4f3de204","type":"User","tenantId":"4312e097-7b9a-4d86-a936-76ca0e9dbf90"},"provisioningMethod":"FromDefinition","failureAlertSubscription":true,"clientLastModifiedTime":"2023-09-29T06:10:47.9855384Z"},"$schema":"https://schema.management.azure.com/providers/Microsoft.Logic/schemas/2016-06-01/workflowdefinition.json#","contentVersion":"1.0.0.0","parameters":{"$connections":{"defaultValue":{},"type":"Object"},"$authentication":{"defaultValue":{},"type":"SecureObject"}},"triggers":{"manual":{"metadata":{"operationMetadataId":"ffec7d87-93fa-4612-9993-0f33cd30c0c7"},"type":"Request","kind":"PowerApp","inputs":{"schema":{"type":"object","properties":{"Compose_Inputs":{"type":"any","description":"Inputs","x-ms-powerflows-param-ispartial":false}},"required":["Compose_Inputs"]}}}},"actions":{"Compose":{"runAfter":{},"metadata":{"operationMetadataId":"7d96b21d-54a0-4666-902a-6e1f7ca40cb9"},"type":"Compose","inputs":"@triggerBody()['Compose_Inputs']"},"Sentiment_(V3.0)":{"runAfter":{"Compose":["Succeeded"]},"metadata":{"operationMetadataId":"290b6ea2-fc76-4948-8a74-8b3e3c57fd2e"},"type":"OpenApiConnection","inputs":{"host":{"apiId":"/providers/Microsoft.PowerApps/apis/shared_cognitiveservicestextanalytics","connectionName":"shared_cognitiveservicestextanalytics","operationId":"SentimentV3"},"parameters":{"input/documents":[{"id":"@guid()","text":"@triggerBody()['Compose_Inputs']","language":"en"}]},"authentication":{"value":"@json(decodeBase64(triggerOutputs().headers['X-MS-APIM-Tokens']))['$ConnectionKey']","type":"Raw"}}},"Apply_to_each_2":{"foreach":"@outputs('Sentiment_(V3.0)')?['body/documents']","actions":{"Set_variable":{"runAfter":{},"metadata":{"operationMetadataId":"d6ec47be-b4b7-4db6-9ade-956d91a0859d"},"type":"SetVariable","inputs":{"name":"Sentiment","value":"@items('Apply_to_each_2')?['sentiment']"}}},"runAfter":{"Initialize_variable":["Succeeded"]},"metadata":{"operationMetadataId":"b52bb27f-8abd-4848-9cab-6fbd29d24642"},"type":"Foreach"},"Initialize_variable":{"runAfter":{"Sentiment_(V3.0)":["Succeeded"]},"metadata":{"operationMetadataId":"d52372f9-fbf2-4194-a023-b64d7ae33b02"},"type":"InitializeVariable","inputs":{"variables":[{"name":"Sentiment","type":"string"}]}},"Respond_to_a_PowerApp_or_flow":{"runAfter":{"Apply_to_each_2":["Succeeded"]},"metadata":{"operationMetadataId":"9fdc284b-413a-4f17-936f-76dd78376e13"},"type":"Response","kind":"PowerApp","inputs":{"statusCode":200,"body":{"sentiment":"@variables('Sentiment')"},"schema":{"type":"object","properties":{"sentiment":{"title":"Sentiment","x-ms-dynamically-added":true,"type":"string"}}}}}}},"connectionReferences":{"shared_cognitiveservicestextanalytics":{"connectionName":"370a6ed9e1ee4db19e5150919fff2e2b","source":"Invoker","id":"/providers/Microsoft.PowerApps/apis/shared_cognitiveservicestextanalytics","tier":"NotSpecified"}},"flowFailureAlertSubscribed":false,"isManaged":false}}