{"ServerStampedChecksum":"C8_acysSK7N\u002BOv78fJWNnS9CzRN0zTyNcght2bgvkty8p4=","ServerPerFileChecksums":{"AppCheckerResult.sarif":"C8_ecxQNChMhSkKArQGQIkeTBeoJka5RWIGg9KVtSsbXfM=","Assets\\Images\\ad4a7ac8-9c42-43ea-be79-409f19da0932.png":"C8_3/jK9X/FqHR2DcxpVO8vLms5fQCMwAKnjLBvPwtPrto=","Assets\\Images\\fb238dec-5ccf-4d0c-9070-e1b192826060.png":"C8_XRl2V9c8WLzkY1kOleTjQWIYCDbvXPHwhzhTv2gSh3o=","Controls\\1.json":"C8_cU\u002BOV5ZCMM6OzJdQmsEocXkagMvtxNOJhRGm\u002BgdpRLc=","Controls\\12.json":"C8_\u002Btz6hH8yLh1sJIENbd5zWpMDvb24kjfcb0zhyG4/0oo=","Controls\\4.json":"C8_3AiMkcUjbyz9r9PCqljPjcV\u002B8jvK97hrbSUIsQ5xfB8=","Header.json":"C8_VKipUOG0Gjs6wno\u002B8JpQNJIkdOpI9MXHt\u002BieE34\u002Bc1Y=","Properties.json":"C8_hiGR9RoXgmy3Kl8Fe3oAKIekm1DJ5EdPaeJ8BVDTuoo=","References\\DataSources.json":"C8_r/G28rzJk8NSS59cDBpe27U5\u002BV0MSm5ntw22SYP2b3Q=","References\\ModernThemes.json":"C8_KDQJ/3t27vgKx25iCQB/PGqxkWE34ZB7Eyb\u002BRxNxY0k=","References\\Resources.json":"C8_lGn2GhpppjJsppC7AsfPFUKPJBBjh2DkFOd/g1E9C44=","References\\Templates.json":"C8_\u002BFWYzgYCmIXcjCjbnvygEl4jqn\u002B/AfHzeJAoOAxpX3U=","References\\Themes.json":"C8_zuMgLpz3IJQlVgGqo3GtyhriL3PR35GxXf\u002BrtPR4Gfc=","Resources\\PublishInfo.json":"C8_E8r2MgKFucOJQYXQIg8/t4vs2xy8BAeshQmfpAtLKNY="}}