{"TopParent":{"Type":"ControlInfo","Name":"Screen2","Template":{"Id":"http://microsoft.com/appmagic/screen","Version":"1.0","LastModifiedTimestamp":"0","Name":"screen","FirstParty":true,"IsPremiumPcfControl":false,"IsCustomGroupControlTemplate":false,"CustomGroupControlTemplateName":"","IsComponentDefinition":false,"OverridableProperties":{}},"Index":1.0,"PublishOrderIndex":0,"VariantName":"","LayoutName":"","MetaDataIDKey":"","PersistMetaDataIDKey":false,"IsFromScreenLayout":false,"StyleName":"defaultScreenStyle","Parent":"","IsDataControl":false,"AllowAccessToGlobals":true,"IsGroupControl":false,"IsAutoGenerated":false,"Rules":[{"Property":"Fill","Category":"Design","InvariantScript":"Color.White","RuleProviderType":"Unknown"},{"Property":"ImagePosition","Category":"Design","InvariantScript":"ImagePosition.Fit","RuleProviderType":"Unknown"},{"Property":"Height","Category":"Design","InvariantScript":"Max(App.Height, App.MinScreenHeight)","RuleProviderType":"Unknown"},{"Property":"Width","Category":"Design","InvariantScript":"Max(App.Width, App.MinScreenWidth)","RuleProviderType":"Unknown"},{"Property":"Size","Category":"Design","InvariantScript":"1 + CountRows(App.SizeBreakpoints) - CountIf(App.SizeBreakpoints, Value >= Self.Width)","RuleProviderType":"Unknown"},{"Property":"Orientation","Category":"Design","InvariantScript":"If(Self.Width < Self.Height, Layout.Vertical, Layout.Horizontal)","RuleProviderType":"Unknown"},{"Property":"LoadingSpinner","Category":"Design","InvariantScript":"LoadingSpinner.None","RuleProviderType":"Unknown"},{"Property":"LoadingSpinnerColor","Category":"Design","InvariantScript":"RGBA(56, 96, 178, 1)","RuleProviderType":"Unknown"}],"ControlPropertyState":["Fill","ImagePosition","Height","Width","Size","Orientation","LoadingSpinner","LoadingSpinnerColor"],"IsLocked":false,"ControlUniqueId":"12","Children":[]}}