{"TopParent":{"Type":"ControlInfo","Name":"Screen1","Template":{"Id":"http://microsoft.com/appmagic/screen","Version":"1.0","LastModifiedTimestamp":"0","Name":"screen","FirstParty":true,"IsPremiumPcfControl":false,"IsCustomGroupControlTemplate":false,"CustomGroupControlTemplateName":"","IsComponentDefinition":false,"OverridableProperties":{}},"Index":0.0,"PublishOrderIndex":0,"VariantName":"","LayoutName":"","MetaDataIDKey":"","PersistMetaDataIDKey":false,"IsFromScreenLayout":false,"StyleName":"defaultScreenStyle","Parent":"","IsDataControl":false,"AllowAccessToGlobals":true,"IsGroupControl":false,"IsAutoGenerated":false,"Rules":[{"Property":"Fill","Category":"Design","InvariantScript":"Color.White","RuleProviderType":"Unknown"},{"Property":"ImagePosition","Category":"Design","InvariantScript":"ImagePosition.Fit","RuleProviderType":"Unknown"},{"Property":"Height","Category":"Design","InvariantScript":"Max(App.Height, App.MinScreenHeight)","RuleProviderType":"Unknown"},{"Property":"Width","Category":"Design","InvariantScript":"Max(App.Width, App.MinScreenWidth)","RuleProviderType":"Unknown"},{"Property":"Size","Category":"Design","InvariantScript":"1 + CountRows(App.SizeBreakpoints) - CountIf(App.SizeBreakpoints, Value >= Self.Width)","RuleProviderType":"Unknown"},{"Property":"Orientation","Category":"Design","InvariantScript":"If(Self.Width < Self.Height, Layout.Vertical, Layout.Horizontal)","RuleProviderType":"Unknown"},{"Property":"LoadingSpinner","Category":"Design","InvariantScript":"LoadingSpinner.None","RuleProviderType":"Unknown"},{"Property":"LoadingSpinnerColor","Category":"Design","InvariantScript":"RGBA(56, 96, 178, 1)","RuleProviderType":"Unknown"},{"Property":"OnVisible","Category":"Behavior","InvariantScript":"Set(\r\n    vishappy,\r\n    false\r\n);\r\nSet(\r\n    vissad,\r\n    false\r\n);","RuleProviderType":"Unknown"}],"ControlPropertyState":["Fill","ImagePosition","Height","Width","Size","Orientation","LoadingSpinner","LoadingSpinnerColor",{"InvariantPropertyName":"OnVisible","AutoRuleBindingEnabled":false,"AutoRuleBindingString":"","NameMapSourceSchema":"?","IsLockable":false,"AFDDataSourceName":""}],"IsLocked":false,"ControlUniqueId":"4","Children":[{"Type":"ControlInfo","Name":"Label1","HasDynamicProperties":false,"Template":{"Id":"http://microsoft.com/appmagic/label","Version":"2.5.1","LastModifiedTimestamp":"0","Name":"label","FirstParty":true,"IsPremiumPcfControl":false,"IsCustomGroupControlTemplate":false,"CustomGroupControlTemplateName":"","IsComponentDefinition":false,"OverridableProperties":{}},"Index":0.0,"PublishOrderIndex":0,"VariantName":"","LayoutName":"","MetaDataIDKey":"","PersistMetaDataIDKey":false,"IsFromScreenLayout":false,"StyleName":"defaultLabelStyle","Parent":"Screen1","IsDataControl":false,"AllowAccessToGlobals":true,"IsGroupControl":false,"IsAutoGenerated":false,"Rules":[{"Property":"Live","Category":"Data","InvariantScript":"Live.Off","RuleProviderType":"Unknown"},{"Property":"Text","Category":"Data","InvariantScript":"\"Enter Some Text with a Free Mind!! We will tell you how your mood is!!\"","RuleProviderType":"Unknown"},{"Property":"Role","Category":"Data","InvariantScript":"TextRole.Default","RuleProviderType":"Unknown"},{"Property":"Overflow","Category":"Design","InvariantScript":"Overflow.Hidden","RuleProviderType":"Unknown"},{"Property":"Color","Category":"Design","InvariantScript":"RGBA(0, 0, 0, 1)","RuleProviderType":"Unknown"},{"Property":"DisabledColor","Category":"Design","InvariantScript":"RGBA(166, 166, 166, 1)","RuleProviderType":"Unknown"},{"Property":"PressedColor","Category":"Design","InvariantScript":"Self.Color","RuleProviderType":"Unknown"},{"Property":"HoverColor","Category":"Design","InvariantScript":"Self.Color","RuleProviderType":"Unknown"},{"Property":"BorderColor","Category":"Design","InvariantScript":"RGBA(0, 18, 107, 1)","RuleProviderType":"Unknown"},{"Property":"DisabledBorderColor","Category":"Design","InvariantScript":"RGBA(56, 56, 56, 1)","RuleProviderType":"Unknown"},{"Property":"PressedBorderColor","Category":"Design","InvariantScript":"Self.BorderColor","RuleProviderType":"Unknown"},{"Property":"HoverBorderColor","Category":"Design","InvariantScript":"Self.BorderColor","RuleProviderType":"Unknown"},{"Property":"BorderStyle","Category":"Design","InvariantScript":"BorderStyle.Solid","RuleProviderType":"Unknown"},{"Property":"FocusedBorderColor","Category":"Design","InvariantScript":"Self.BorderColor","RuleProviderType":"Unknown"},{"Property":"Fill","Category":"Design","InvariantScript":"RGBA(255, 255, 255, 1)","RuleProviderType":"Unknown"},{"Property":"DisabledFill","Category":"Design","InvariantScript":"RGBA(0, 0, 0, 0)","RuleProviderType":"Unknown"},{"Property":"PressedFill","Category":"Design","InvariantScript":"Self.Fill","RuleProviderType":"Unknown"},{"Property":"HoverFill","Category":"Design","InvariantScript":"Self.Fill","RuleProviderType":"Unknown"},{"Property":"Font","Category":"Design","InvariantScript":"Font.'Open Sans'","RuleProviderType":"Unknown"},{"Property":"FontWeight","Category":"Design","InvariantScript":"FontWeight.Bold","RuleProviderType":"Unknown"},{"Property":"Align","Category":"Design","InvariantScript":"Align.Center","RuleProviderType":"Unknown"},{"Property":"VerticalAlign","Category":"Design","InvariantScript":"VerticalAlign.Middle","RuleProviderType":"Unknown"},{"Property":"X","Category":"Design","InvariantScript":"40","RuleProviderType":"Unknown"},{"Property":"Y","Category":"Design","InvariantScript":"40","RuleProviderType":"Unknown"},{"Property":"Width","Category":"Design","InvariantScript":"1170","RuleProviderType":"Unknown"},{"Property":"Height","Category":"Design","InvariantScript":"80","RuleProviderType":"Unknown"},{"Property":"DisplayMode","Category":"Design","InvariantScript":"DisplayMode.Edit","RuleProviderType":"Unknown"},{"Property":"ZIndex","Category":"Design","InvariantScript":"2","RuleProviderType":"Unknown"},{"Property":"LineHeight","Category":"Design","InvariantScript":"1.2","RuleProviderType":"Unknown"},{"Property":"BorderThickness","Category":"Design","InvariantScript":"0","RuleProviderType":"Unknown"},{"Property":"FocusedBorderThickness","Category":"Design","InvariantScript":"0","RuleProviderType":"Unknown"},{"Property":"Size","Category":"Design","InvariantScript":"13","RuleProviderType":"Unknown"},{"Property":"Italic","Category":"Design","InvariantScript":"false","RuleProviderType":"Unknown"},{"Property":"Underline","Category":"Design","InvariantScript":"false","RuleProviderType":"Unknown"},{"Property":"Strikethrough","Category":"Design","InvariantScript":"false","RuleProviderType":"Unknown"},{"Property":"PaddingTop","Category":"Design","InvariantScript":"5","RuleProviderType":"Unknown"},{"Property":"PaddingRight","Category":"Design","InvariantScript":"5","RuleProviderType":"Unknown"},{"Property":"PaddingBottom","Category":"Design","InvariantScript":"5","RuleProviderType":"Unknown"},{"Property":"PaddingLeft","Category":"Design","InvariantScript":"5","RuleProviderType":"Unknown"},{"Property":"Visible","Category":"Design","InvariantScript":"true","RuleProviderType":"Unknown"}],"ControlPropertyState":["Live","Overflow",{"InvariantPropertyName":"Text","AutoRuleBindingEnabled":false,"AutoRuleBindingString":"\"Text\"","NameMapSourceSchema":"?","IsLockable":false,"AFDDataSourceName":""},"Role","Color","DisabledColor","PressedColor","HoverColor","BorderColor","DisabledBorderColor","PressedBorderColor","HoverBorderColor","BorderStyle","FocusedBorderColor",{"InvariantPropertyName":"Fill","AutoRuleBindingEnabled":false,"AutoRuleBindingString":"","NameMapSourceSchema":"?","IsLockable":false,"AFDDataSourceName":""},"DisabledFill","PressedFill","HoverFill","Font",{"InvariantPropertyName":"FontWeight","AutoRuleBindingEnabled":false,"AutoRuleBindingString":"","NameMapSourceSchema":"?","IsLockable":false,"AFDDataSourceName":""},{"InvariantPropertyName":"Align","AutoRuleBindingEnabled":false,"AutoRuleBindingString":"","NameMapSourceSchema":"?","IsLockable":false,"AFDDataSourceName":""},"VerticalAlign","X","Y","Width","Height","DisplayMode","ZIndex","LineHeight","BorderThickness","FocusedBorderThickness","Size","Italic","Underline","Strikethrough","PaddingTop","PaddingRight","PaddingBottom","PaddingLeft","Visible"],"IsLocked":false,"ControlUniqueId":"6","Children":[]},{"Type":"ControlInfo","Name":"TextInput1","HasDynamicProperties":false,"Template":{"Id":"http://microsoft.com/appmagic/text","Version":"2.3.2","LastModifiedTimestamp":"0","Name":"text","FirstParty":true,"IsPremiumPcfControl":false,"IsCustomGroupControlTemplate":false,"CustomGroupControlTemplateName":"","IsComponentDefinition":false,"OverridableProperties":{}},"Index":0.0,"PublishOrderIndex":1,"VariantName":"","LayoutName":"","MetaDataIDKey":"","PersistMetaDataIDKey":false,"IsFromScreenLayout":false,"StyleName":"defaultTextStyle","Parent":"Screen1","IsDataControl":false,"AllowAccessToGlobals":true,"IsGroupControl":false,"IsAutoGenerated":false,"Rules":[{"Property":"Default","Category":"Data","InvariantScript":"","RuleProviderType":"Unknown"},{"Property":"DelayOutput","Category":"Data","InvariantScript":"false","RuleProviderType":"Unknown"},{"Property":"Mode","Category":"Design","InvariantScript":"TextMode.MultiLine","RuleProviderType":"Unknown"},{"Property":"Format","Category":"Design","InvariantScript":"TextFormat.Text","RuleProviderType":"Unknown"},{"Property":"VirtualKeyboardMode","Category":"Design","InvariantScript":"VirtualKeyboardMode.Auto","RuleProviderType":"Unknown"},{"Property":"BorderColor","Category":"Design","InvariantScript":"RGBA(0, 18, 107, 1)","RuleProviderType":"Unknown"},{"Property":"DisabledBorderColor","Category":"Design","InvariantScript":"RGBA(166, 166, 166, 1)","RuleProviderType":"Unknown"},{"Property":"PressedBorderColor","Category":"Design","InvariantScript":"Self.HoverBorderColor","RuleProviderType":"Unknown"},{"Property":"HoverBorderColor","Category":"Design","InvariantScript":"RGBA(0, 18, 107, 1)","RuleProviderType":"Unknown"},{"Property":"BorderStyle","Category":"Design","InvariantScript":"BorderStyle.Solid","RuleProviderType":"Unknown"},{"Property":"FocusedBorderColor","Category":"Design","InvariantScript":"Self.BorderColor","RuleProviderType":"Unknown"},{"Property":"Color","Category":"Design","InvariantScript":"RGBA(0, 0, 0, 1)","RuleProviderType":"Unknown"},{"Property":"DisabledColor","Category":"Design","InvariantScript":"RGBA(166, 166, 166, 1)","RuleProviderType":"Unknown"},{"Property":"PressedColor","Category":"Design","InvariantScript":"Self.Color","RuleProviderType":"Unknown"},{"Property":"HoverColor","Category":"Design","InvariantScript":"RGBA(0, 0, 0, 1)","RuleProviderType":"Unknown"},{"Property":"Fill","Category":"Design","InvariantScript":"RGBA(255, 255, 255, 1)","RuleProviderType":"Unknown"},{"Property":"DisabledFill","Category":"Design","InvariantScript":"RGBA(244, 244, 244, 1)","RuleProviderType":"Unknown"},{"Property":"PressedFill","Category":"Design","InvariantScript":"Self.Fill","RuleProviderType":"Unknown"},{"Property":"HoverFill","Category":"Design","InvariantScript":"RGBA(186, 202, 226, 1)","RuleProviderType":"Unknown"},{"Property":"Font","Category":"Design","InvariantScript":"Font.'Open Sans'","RuleProviderType":"Unknown"},{"Property":"FontWeight","Category":"Design","InvariantScript":"FontWeight.Normal","RuleProviderType":"Unknown"},{"Property":"Align","Category":"Design","InvariantScript":"Align.Left","RuleProviderType":"Unknown"},{"Property":"X","Category":"Design","InvariantScript":"110","RuleProviderType":"Unknown"},{"Property":"Y","Category":"Design","InvariantScript":"156","RuleProviderType":"Unknown"},{"Property":"Width","Category":"Design","InvariantScript":"582","RuleProviderType":"Unknown"},{"Property":"Height","Category":"Design","InvariantScript":"432","RuleProviderType":"Unknown"},{"Property":"DisplayMode","Category":"Design","InvariantScript":"DisplayMode.Edit","RuleProviderType":"Unknown"},{"Property":"ZIndex","Category":"Design","InvariantScript":"1","RuleProviderType":"Unknown"},{"Property":"RadiusTopLeft","Category":"Design","InvariantScript":"5","RuleProviderType":"Unknown"},{"Property":"RadiusTopRight","Category":"Design","InvariantScript":"5","RuleProviderType":"Unknown"},{"Property":"RadiusBottomLeft","Category":"Design","InvariantScript":"5","RuleProviderType":"Unknown"},{"Property":"RadiusBottomRight","Category":"Design","InvariantScript":"5","RuleProviderType":"Unknown"},{"Property":"BorderThickness","Category":"Design","InvariantScript":"2","RuleProviderType":"Unknown"},{"Property":"FocusedBorderThickness","Category":"Design","InvariantScript":"4","RuleProviderType":"Unknown"},{"Property":"Size","Category":"Design","InvariantScript":"13","RuleProviderType":"Unknown"},{"Property":"Italic","Category":"Design","InvariantScript":"false","RuleProviderType":"Unknown"},{"Property":"Underline","Category":"Design","InvariantScript":"false","RuleProviderType":"Unknown"},{"Property":"Strikethrough","Category":"Design","InvariantScript":"false","RuleProviderType":"Unknown"}],"ControlPropertyState":[{"InvariantPropertyName":"Default","AutoRuleBindingEnabled":false,"AutoRuleBindingString":"\"Text input\"","NameMapSourceSchema":"?","IsLockable":false,"AFDDataSourceName":""},{"InvariantPropertyName":"Mode","AutoRuleBindingEnabled":false,"AutoRuleBindingString":"","NameMapSourceSchema":"?","IsLockable":false,"AFDDataSourceName":""},"Format","VirtualKeyboardMode","DelayOutput","BorderColor","DisabledBorderColor","PressedBorderColor","HoverBorderColor","BorderStyle","FocusedBorderColor","Color","DisabledColor","PressedColor","HoverColor","Fill","DisabledFill","PressedFill","HoverFill","Font","FontWeight","Align","X","Y","Width","Height","DisplayMode","ZIndex","RadiusTopLeft","RadiusTopRight","RadiusBottomLeft","RadiusBottomRight","BorderThickness","FocusedBorderThickness","Size","Italic","Underline","Strikethrough"],"IsLocked":false,"ControlUniqueId":"5","Children":[]},{"Type":"ControlInfo","Name":"Image1","HasDynamicProperties":false,"Template":{"Id":"http://microsoft.com/appmagic/image","Version":"2.2.2","LastModifiedTimestamp":"0","Name":"image","FirstParty":true,"IsPremiumPcfControl":false,"IsCustomGroupControlTemplate":false,"CustomGroupControlTemplateName":"","IsComponentDefinition":false,"OverridableProperties":{}},"Index":0.0,"PublishOrderIndex":2,"VariantName":"","LayoutName":"","MetaDataIDKey":"","PersistMetaDataIDKey":false,"IsFromScreenLayout":false,"StyleName":"defaultImageStyle","Parent":"Screen1","IsDataControl":false,"AllowAccessToGlobals":true,"IsGroupControl":false,"IsAutoGenerated":false,"Rules":[{"Property":"Image","Category":"Data","InvariantScript":"sad","RuleProviderType":"Unknown"},{"Property":"ImagePosition","Category":"Design","InvariantScript":"ImagePosition.Fit","RuleProviderType":"Unknown"},{"Property":"ImageRotation","Category":"Design","InvariantScript":"ImageRotation.None","RuleProviderType":"Unknown"},{"Property":"X","Category":"Design","InvariantScript":"881","RuleProviderType":"Unknown"},{"Property":"Y","Category":"Design","InvariantScript":"214","RuleProviderType":"Unknown"},{"Property":"Width","Category":"Design","InvariantScript":"310","RuleProviderType":"Unknown"},{"Property":"Height","Category":"Design","InvariantScript":"250","RuleProviderType":"Unknown"},{"Property":"Fill","Category":"Design","InvariantScript":"RGBA(0, 0, 0, 0)","RuleProviderType":"Unknown"},{"Property":"DisabledFill","Category":"Design","InvariantScript":"RGBA(244, 244, 244, 1)","RuleProviderType":"Unknown"},{"Property":"PressedFill","Category":"Design","InvariantScript":"ColorFade(Self.Fill, -20%)","RuleProviderType":"Unknown"},{"Property":"HoverFill","Category":"Design","InvariantScript":"ColorFade(Self.Fill, 20%)","RuleProviderType":"Unknown"},{"Property":"BorderColor","Category":"Design","InvariantScript":"RGBA(0, 18, 107, 1)","RuleProviderType":"Unknown"},{"Property":"DisabledBorderColor","Category":"Design","InvariantScript":"RGBA(166, 166, 166, 1)","RuleProviderType":"Unknown"},{"Property":"PressedBorderColor","Category":"Design","InvariantScript":"ColorFade(Self.BorderColor, -20%)","RuleProviderType":"Unknown"},{"Property":"HoverBorderColor","Category":"Design","InvariantScript":"ColorFade(Self.BorderColor, 20%)","RuleProviderType":"Unknown"},{"Property":"FocusedBorderColor","Category":"Design","InvariantScript":"Self.BorderColor","RuleProviderType":"Unknown"},{"Property":"BorderStyle","Category":"Design","InvariantScript":"BorderStyle.Solid","RuleProviderType":"Unknown"},{"Property":"DisplayMode","Category":"Design","InvariantScript":"DisplayMode.Edit","RuleProviderType":"Unknown"},{"Property":"ZIndex","Category":"Design","InvariantScript":"4","RuleProviderType":"Unknown"},{"Property":"RadiusTopLeft","Category":"Design","InvariantScript":"0","RuleProviderType":"Unknown"},{"Property":"RadiusTopRight","Category":"Design","InvariantScript":"0","RuleProviderType":"Unknown"},{"Property":"RadiusBottomLeft","Category":"Design","InvariantScript":"0","RuleProviderType":"Unknown"},{"Property":"RadiusBottomRight","Category":"Design","InvariantScript":"0","RuleProviderType":"Unknown"},{"Property":"BorderThickness","Category":"Design","InvariantScript":"0","RuleProviderType":"Unknown"},{"Property":"FocusedBorderThickness","Category":"Design","InvariantScript":"2","RuleProviderType":"Unknown"},{"Property":"PaddingTop","Category":"Design","InvariantScript":"0","RuleProviderType":"Unknown"},{"Property":"PaddingRight","Category":"Design","InvariantScript":"0","RuleProviderType":"Unknown"},{"Property":"PaddingBottom","Category":"Design","InvariantScript":"0","RuleProviderType":"Unknown"},{"Property":"PaddingLeft","Category":"Design","InvariantScript":"0","RuleProviderType":"Unknown"},{"Property":"Visible","Category":"Design","InvariantScript":"vissad","RuleProviderType":"Unknown"}],"ControlPropertyState":["Image","ImagePosition","ImageRotation","X","Y","Width","Height","Fill","DisabledFill","PressedFill","HoverFill","BorderColor","DisabledBorderColor","PressedBorderColor","HoverBorderColor","FocusedBorderColor","BorderStyle","DisplayMode","ZIndex","RadiusTopLeft","RadiusTopRight","RadiusBottomLeft","RadiusBottomRight","BorderThickness","FocusedBorderThickness","PaddingTop","PaddingRight","PaddingBottom","PaddingLeft",{"InvariantPropertyName":"Visible","AutoRuleBindingEnabled":false,"AutoRuleBindingString":"true","NameMapSourceSchema":"?","IsLockable":false,"AFDDataSourceName":""}],"IsLocked":false,"ControlUniqueId":"8","Children":[]},{"Type":"ControlInfo","Name":"Image2","HasDynamicProperties":false,"Template":{"Id":"http://microsoft.com/appmagic/image","Version":"2.2.2","LastModifiedTimestamp":"0","Name":"image","FirstParty":true,"IsPremiumPcfControl":false,"IsCustomGroupControlTemplate":false,"CustomGroupControlTemplateName":"","IsComponentDefinition":false,"OverridableProperties":{}},"Index":0.0,"PublishOrderIndex":3,"VariantName":"","LayoutName":"","MetaDataIDKey":"","PersistMetaDataIDKey":false,"IsFromScreenLayout":false,"StyleName":"defaultImageStyle","Parent":"Screen1","IsDataControl":false,"AllowAccessToGlobals":true,"IsGroupControl":false,"IsAutoGenerated":false,"Rules":[{"Property":"Image","Category":"Data","InvariantScript":"happy","RuleProviderType":"Unknown"},{"Property":"ImagePosition","Category":"Design","InvariantScript":"ImagePosition.Fit","RuleProviderType":"Unknown"},{"Property":"ImageRotation","Category":"Design","InvariantScript":"ImageRotation.None","RuleProviderType":"Unknown"},{"Property":"X","Category":"Design","InvariantScript":"898","RuleProviderType":"Unknown"},{"Property":"Y","Category":"Design","InvariantScript":"224","RuleProviderType":"Unknown"},{"Property":"Width","Category":"Design","InvariantScript":"237","RuleProviderType":"Unknown"},{"Property":"Height","Category":"Design","InvariantScript":"231","RuleProviderType":"Unknown"},{"Property":"Fill","Category":"Design","InvariantScript":"RGBA(0, 0, 0, 0)","RuleProviderType":"Unknown"},{"Property":"DisabledFill","Category":"Design","InvariantScript":"RGBA(244, 244, 244, 1)","RuleProviderType":"Unknown"},{"Property":"PressedFill","Category":"Design","InvariantScript":"ColorFade(Self.Fill, -20%)","RuleProviderType":"Unknown"},{"Property":"HoverFill","Category":"Design","InvariantScript":"ColorFade(Self.Fill, 20%)","RuleProviderType":"Unknown"},{"Property":"BorderColor","Category":"Design","InvariantScript":"RGBA(0, 18, 107, 1)","RuleProviderType":"Unknown"},{"Property":"DisabledBorderColor","Category":"Design","InvariantScript":"RGBA(166, 166, 166, 1)","RuleProviderType":"Unknown"},{"Property":"PressedBorderColor","Category":"Design","InvariantScript":"ColorFade(Self.BorderColor, -20%)","RuleProviderType":"Unknown"},{"Property":"HoverBorderColor","Category":"Design","InvariantScript":"ColorFade(Self.BorderColor, 20%)","RuleProviderType":"Unknown"},{"Property":"FocusedBorderColor","Category":"Design","InvariantScript":"Self.BorderColor","RuleProviderType":"Unknown"},{"Property":"BorderStyle","Category":"Design","InvariantScript":"BorderStyle.Solid","RuleProviderType":"Unknown"},{"Property":"DisplayMode","Category":"Design","InvariantScript":"DisplayMode.Edit","RuleProviderType":"Unknown"},{"Property":"ZIndex","Category":"Design","InvariantScript":"5","RuleProviderType":"Unknown"},{"Property":"RadiusTopLeft","Category":"Design","InvariantScript":"0","RuleProviderType":"Unknown"},{"Property":"RadiusTopRight","Category":"Design","InvariantScript":"0","RuleProviderType":"Unknown"},{"Property":"RadiusBottomLeft","Category":"Design","InvariantScript":"0","RuleProviderType":"Unknown"},{"Property":"RadiusBottomRight","Category":"Design","InvariantScript":"0","RuleProviderType":"Unknown"},{"Property":"BorderThickness","Category":"Design","InvariantScript":"0","RuleProviderType":"Unknown"},{"Property":"FocusedBorderThickness","Category":"Design","InvariantScript":"2","RuleProviderType":"Unknown"},{"Property":"PaddingTop","Category":"Design","InvariantScript":"0","RuleProviderType":"Unknown"},{"Property":"PaddingRight","Category":"Design","InvariantScript":"0","RuleProviderType":"Unknown"},{"Property":"PaddingBottom","Category":"Design","InvariantScript":"0","RuleProviderType":"Unknown"},{"Property":"PaddingLeft","Category":"Design","InvariantScript":"0","RuleProviderType":"Unknown"},{"Property":"Visible","Category":"Design","InvariantScript":"vishappy","RuleProviderType":"Unknown"}],"ControlPropertyState":["Image","ImagePosition","ImageRotation","X","Y","Width","Height","Fill","DisabledFill","PressedFill","HoverFill","BorderColor","DisabledBorderColor","PressedBorderColor","HoverBorderColor","FocusedBorderColor","BorderStyle","DisplayMode","ZIndex","RadiusTopLeft","RadiusTopRight","RadiusBottomLeft","RadiusBottomRight","BorderThickness","FocusedBorderThickness","PaddingTop","PaddingRight","PaddingBottom","PaddingLeft",{"InvariantPropertyName":"Visible","AutoRuleBindingEnabled":false,"AutoRuleBindingString":"true","NameMapSourceSchema":"?","IsLockable":false,"AFDDataSourceName":""}],"IsLocked":false,"ControlUniqueId":"9","Children":[]},{"Type":"ControlInfo","Name":"Button1","HasDynamicProperties":false,"Template":{"Id":"http://microsoft.com/appmagic/button","Version":"2.2.0","LastModifiedTimestamp":"0","Name":"button","FirstParty":true,"IsPremiumPcfControl":false,"IsCustomGroupControlTemplate":false,"CustomGroupControlTemplateName":"","IsComponentDefinition":false,"OverridableProperties":{}},"Index":0.0,"PublishOrderIndex":4,"VariantName":"","LayoutName":"","MetaDataIDKey":"","PersistMetaDataIDKey":false,"IsFromScreenLayout":false,"StyleName":"defaultButtonStyle","Parent":"Screen1","IsDataControl":false,"AllowAccessToGlobals":true,"IsGroupControl":false,"IsAutoGenerated":false,"Rules":[{"Property":"Text","Category":"Data","InvariantScript":"\"Check your Mood\"","RuleProviderType":"Unknown"},{"Property":"BorderColor","Category":"Design","InvariantScript":"ColorFade(Self.Fill, -15%)","RuleProviderType":"Unknown"},{"Property":"DisabledBorderColor","Category":"Design","InvariantScript":"RGBA(166, 166, 166, 1)","RuleProviderType":"Unknown"},{"Property":"PressedBorderColor","Category":"Design","InvariantScript":"Self.Fill","RuleProviderType":"Unknown"},{"Property":"HoverBorderColor","Category":"Design","InvariantScript":"ColorFade(Self.BorderColor, 20%)","RuleProviderType":"Unknown"},{"Property":"BorderStyle","Category":"Design","InvariantScript":"BorderStyle.Solid","RuleProviderType":"Unknown"},{"Property":"FocusedBorderColor","Category":"Design","InvariantScript":"Self.BorderColor","RuleProviderType":"Unknown"},{"Property":"Color","Category":"Design","InvariantScript":"RGBA(255, 255, 255, 1)","RuleProviderType":"Unknown"},{"Property":"DisabledColor","Category":"Design","InvariantScript":"RGBA(166, 166, 166, 1)","RuleProviderType":"Unknown"},{"Property":"PressedColor","Category":"Design","InvariantScript":"Self.Fill","RuleProviderType":"Unknown"},{"Property":"HoverColor","Category":"Design","InvariantScript":"RGBA(255, 255, 255, 1)","RuleProviderType":"Unknown"},{"Property":"DisplayMode","Category":"Design","InvariantScript":"DisplayMode.Edit","RuleProviderType":"Unknown"},{"Property":"Fill","Category":"Design","InvariantScript":"RGBA(56, 96, 178, 1)","RuleProviderType":"Unknown"},{"Property":"DisabledFill","Category":"Design","InvariantScript":"RGBA(244, 244, 244, 1)","RuleProviderType":"Unknown"},{"Property":"PressedFill","Category":"Design","InvariantScript":"Self.Color","RuleProviderType":"Unknown"},{"Property":"HoverFill","Category":"Design","InvariantScript":"ColorFade(RGBA(56, 96, 178, 1), -20%)","RuleProviderType":"Unknown"},{"Property":"Font","Category":"Design","InvariantScript":"Font.'Open Sans'","RuleProviderType":"Unknown"},{"Property":"FontWeight","Category":"Design","InvariantScript":"FontWeight.Semibold","RuleProviderType":"Unknown"},{"Property":"Align","Category":"Design","InvariantScript":"Align.Center","RuleProviderType":"Unknown"},{"Property":"VerticalAlign","Category":"Design","InvariantScript":"VerticalAlign.Middle","RuleProviderType":"Unknown"},{"Property":"X","Category":"Design","InvariantScript":"247","RuleProviderType":"Unknown"},{"Property":"Y","Category":"Design","InvariantScript":"643","RuleProviderType":"Unknown"},{"Property":"Width","Category":"Design","InvariantScript":"307","RuleProviderType":"Unknown"},{"Property":"Height","Category":"Design","InvariantScript":"65","RuleProviderType":"Unknown"},{"Property":"ZIndex","Category":"Design","InvariantScript":"3","RuleProviderType":"Unknown"},{"Property":"RadiusTopLeft","Category":"Design","InvariantScript":"10","RuleProviderType":"Unknown"},{"Property":"RadiusTopRight","Category":"Design","InvariantScript":"10","RuleProviderType":"Unknown"},{"Property":"RadiusBottomLeft","Category":"Design","InvariantScript":"10","RuleProviderType":"Unknown"},{"Property":"RadiusBottomRight","Category":"Design","InvariantScript":"10","RuleProviderType":"Unknown"},{"Property":"BorderThickness","Category":"Design","InvariantScript":"2","RuleProviderType":"Unknown"},{"Property":"FocusedBorderThickness","Category":"Design","InvariantScript":"4","RuleProviderType":"Unknown"},{"Property":"Size","Category":"Design","InvariantScript":"15","RuleProviderType":"Unknown"},{"Property":"Italic","Category":"Design","InvariantScript":"false","RuleProviderType":"Unknown"},{"Property":"Underline","Category":"Design","InvariantScript":"false","RuleProviderType":"Unknown"},{"Property":"Strikethrough","Category":"Design","InvariantScript":"false","RuleProviderType":"Unknown"},{"Property":"OnSelect","Category":"Behavior","InvariantScript":"Set(\r\n    vishappy,\r\n    false\r\n);\r\nSet(\r\n    vissad,\r\n    false\r\n);\r\nSet(SentimentAnalysis1,Sentiment.Run(TextInput1.Text).sentiment);\r\nIf(\r\n    IsMatch(SentimentAnalysis1,\"positive\"),\r\n    Set(\r\n        vishappy,\r\n        true\r\n    ),\r\n    Set(\r\n        vissad,\r\n        true\r\n    )\r\n);","RuleProviderType":"Unknown"}],"ControlPropertyState":[{"InvariantPropertyName":"Text","AutoRuleBindingEnabled":false,"AutoRuleBindingString":"\"Button\"","NameMapSourceSchema":"?","IsLockable":false,"AFDDataSourceName":""},"BorderColor","DisabledBorderColor","PressedBorderColor","HoverBorderColor","BorderStyle","FocusedBorderColor","Color","DisabledColor","PressedColor","HoverColor","DisplayMode","Fill","DisabledFill","PressedFill","HoverFill","Font","FontWeight","Align","VerticalAlign","X","Y","Width","Height","ZIndex","RadiusTopLeft","RadiusTopRight","RadiusBottomLeft","RadiusBottomRight","BorderThickness","FocusedBorderThickness","Size","Italic","Underline","Strikethrough",{"InvariantPropertyName":"OnSelect","AutoRuleBindingEnabled":false,"AutoRuleBindingString":"false","NameMapSourceSchema":"?","IsLockable":false,"AFDDataSourceName":""}],"IsLocked":false,"ControlUniqueId":"7","Children":[]}]}}