{"Author":"","Name":"Mood%2BDetection%2BAPP.msapp","Id":"dda5bf66-2534-4f20-bfe2-059d0f71dde5","FileID":"b948d380-9ffe-4747-8941-d7520ac176c7","LocalConnectionReferences":"{\"4e5180cf-7ff2-4dbe-bd5c-3c1c3b9c68eb\":{\"id\":\"4e5180cf-7ff2-4dbe-bd5c-3c1c3b9c68eb\",\"connectionInstanceId\":\"/providers/microsoft.powerapps/apis/shared_logicflows/connections/e53712afe22149818c00382ffdb9cf7d-32d5fb875ba815de\",\"dataSources\":[\"Sentiment\"],\"datasets\":{},\"dependencies\":{\"shared_cognitiveservicestextanalytics\":\"160c2ad8-23bf-4cc1-8e17-b98ad020c333\"},\"dependents\":[],\"connectionRef\":{\"id\":\"/providers/microsoft.powerapps/apis/shared_logicflows\",\"displayName\":\"Logic flows\",\"iconUri\":\"https://connectoricons-prod.azureedge.net/releases/v1.0.1653/1.0.1653.3403/logicflows/icon.png\",\"parameterHints\":{\"workflowName\":{\"value\":\"e53712af-e221-4981-8c00-382ffdb9cf7d\"},\"workflowEntityId\":{},\"160c2ad8-23bf-4cc1-8e17-b98ad020c333\":{\"value\":\"shared_cognitiveservicestextanalytics\"}},\"parameterHintsV2\":{\"workflowName\":{\"value\":\"e53712af-e221-4981-8c00-382ffdb9cf7d\"},\"workflowEntityId\":{},\"shared_cognitiveservicestextanalytics\":{\"value\":\"160c2ad8-23bf-4cc1-8e17-b98ad020c333\"}}}},\"160c2ad8-23bf-4cc1-8e17-b98ad020c333\":{\"id\":\"160c2ad8-23bf-4cc1-8e17-b98ad020c333\",\"connectionInstanceId\":\"/providers/microsoft.powerapps/apis/shared_cognitiveservicestextanalytics/connections/370a6ed9e1ee4db19e5150919fff2e2b\",\"dataSources\":[],\"datasets\":{},\"dependencies\":{},\"dependents\":[\"4e5180cf-7ff2-4dbe-bd5c-3c1c3b9c68eb\"],\"connectionRef\":{\"id\":\"/providers/microsoft.powerapps/apis/shared_cognitiveservicestextanalytics\",\"displayName\":\"Azure Cognitive Service for Language\",\"authenticationType\":\"keyBasedAuth\",\"executionRestrictions\":{\"version\":1,\"modifiedOn\":\"2023-09-29 06:37:56\",\"appVer\":\"3.23093.15\",\"apiId\":\"unknown\",\"policy\":\"{\\\"type\\\":\\\"unused\\\"}\"},\"iconUri\":\"https://connectoricons-prod.azureedge.net/releases/v1.0.1653/1.0.1653.3403/cognitiveservicestextanalytics/icon.png\",\"sharedConnectionId\":\"/providers/microsoft.powerapps/apis/shared_cognitiveservicestextanalytics/connections/370a6ed9e1ee4db19e5150919fff2e2b\"}}}","LocalDatabaseReferences":"{}","LibraryDependencies":"[]","AppPreviewFlagsMap":{"delayloadscreens":true,"errorhandling":true,"enableappembeddingux":false,"blockmovingcontrol":true,"projectionmapping":true,"usedisplaynamemetadata":true,"usenonblockingonstartrule":true,"longlivingcache":false,"useguiddatatypes":true,"useexperimentalcdsconnector":true,"useenforcesavedatalimits":true,"webbarcodescanner":false,"reliableconcurrent":true,"parallelcodegen":false,"datatablev2control":true,"nativecdsexperimental":true,"reactformulabar":false,"delaycontrolrendering":true,"useexperimentalsqlconnector":true,"disablecdsfileandlargeimage":false,"formuladataprefetch":true,"enablerulespanel":false,"generatedebugpublishedapp":false,"keeprecentscreensloaded":false,"aibuilderserviceenrollment":false,"dynamicschema":false,"enablerowscopeonetonexpand":false,"herocontrols":false,"classiccontrols":false,"fluentv9controls":false,"fluentv9controlspreview":false,"onegrid":false,"enablepcfmoderndatasets":true,"improvedmediacapture":true,"optimizedforteamsmeeting":false,"behaviorpropertyui":false,"autocreateenvironmentvariables":false,"externalmessage":false,"enhancedgalleryinitialization":true,"enableonstartnavigate":false,"enableexcelonlinebusinessv2connector":true,"enableonstart":true,"exportimportcomponents2":true,"copyandmerge":false,"allowmultiplescreensincanvaspages":false,"enablecomponentscopeoldbehavior":false,"enablecomponentnamemaps":false,"enableideaspanel":true,"enablesaveloadcleardataonweb":true,"rtlsupport":false,"improvedtabstopbehavior":false,"rtlinstudiopreview":false,"cdsdataformatting":false,"enablerpawarecomponentdependency":true,"enableeditcacherefreshfrequency":false,"formularepair":false,"expandedsavedatasupport":true,"reverttooldpowerautomate":false,"appinsightserrortracing":false,"appinstrumentationcorrelationtracing":false,"powerfxv1":false,"namedformulas":true,"zeroalltabindexes":true,"untypedobject":true,"dataverseactionsenabled":true,"pdffunction":false,"packagemodernruntime":false,"enablecopilotcontrol":true,"enableruntimepolicies":true,"enablechatbotfeature":true,"enablelegacybarcodescanner":false,"enabledataverseoffline":false,"enableexperimentaldataverseoffline":true,"mobilenativerendering":false,"smartemaildatacard":false,"enableupdateifdelegation":false,"dataflowanalysisenabled":false,"tabledoesntwraprecords":true,"consistentreturnschemafortabularfunctions":true,"supportcolumnnamesasidentifiers":false,"powerfxdecimal":false,"reservedkeywords":false,"isemptyrequirestableargument":true},"DocumentLayoutWidth":1366,"DocumentLayoutHeight":768,"DocumentLayoutOrientation":"landscape","DocumentLayoutScaleToFit":true,"DocumentLayoutMaintainAspectRatio":true,"DocumentLayoutLockOrientation":false,"ShowStatusBar":false,"OriginatingVersion":"1.334","DocumentAppType":"DesktopOrTablet","DocumentType":"App","AppCreationSource":"AppFromScratch","AppDescription":"","ManualOfflineProfileId":null,"DefaultConnectedDataSourceMaxGetRowsCount":500,"ContainsThirdPartyPcfControls":false,"ParserErrorCount":0,"BindingErrorCount":0,"InstrumentationKey":"","EnableInstrumentation":false,"ControlCount":{},"AnalysisLoadTime":0.0166988}