{"DataSources":[{"Type":"ServiceInfo","Name":"Sentiment","ServiceKind":"ConnectedWadl","WadlMetadata":{"WadlXml":"<application xmlns:xml=\"http://www.w3.org/XML/1998/namespace\" xmlns:xs=\"http://www.w3.org/2001/XMLSchema\" xmlns:service=\"https://unitedstates-002.azure-apim.net/apim/logicflows\" xmlns:siena=\"http://schemas.microsoft.com/MicrosoftProjectSiena/WADL/2014/11\" siena:serviceId=\"Sentiment\" xmlns=\"http://wadl.dev.java.net/2009/02\">\r\n  <doc title=\"Sentiment\" />\r\n  <grammars>\r\n    <jsonTypes targetNamespace=\"https://unitedstates-002.azure-apim.net/apim/logicflows\" xmlns=\"http://schemas.microsoft.com/MicrosoftProjectSiena/WADL/2014/11\">\r\n      <string name=\"ManualTriggerInput_Compose_Inputs_def\" />\r\n      <object name=\"ManualTriggerInput\">\r\n        <property name=\"Compose_Inputs\" type=\"string\" />\r\n      </object>\r\n      <string name=\"ResponseActionOutput_sentiment_def\" />\r\n      <object name=\"ResponseActionOutput\">\r\n        <property name=\"sentiment\" type=\"string\" />\r\n      </object>\r\n      <object name=\"Run_responses_default_def\" />\r\n    </jsonTypes>\r\n  </grammars>\r\n  <resources siena:authenticationProviderHref=\"#PowerAppAuth\" base=\"https://unitedstates-002.azure-apim.net/apim/logicflows\">\r\n    <resource path=\"/{connectionId}/triggers/manual/run\">\r\n      <param style=\"template\" name=\"connectionId\" type=\"xs:string\" required=\"true\" />\r\n      <method siena:requiresAuthentication=\"true\" name=\"POST\" id=\"Run\">\r\n        <doc title=\"Runs a logic flow trigger.\" />\r\n        <request>\r\n          <param style=\"query\" name=\"api-version\" type=\"xs:string\" required=\"true\" fixed=\"2015-02-01-preview\">\r\n            <doc title=\"The api version\" />\r\n          </param>\r\n          <representation mediaType=\"application/json\">\r\n            <param style=\"plain\" name=\"Compose_Inputs\" path=\"/Compose_Inputs\" type=\"xs:string\" required=\"true\" />\r\n          </representation>\r\n        </request>\r\n        <response>\r\n          <representation mediaType=\"application/json\" element=\"service:ResponseActionOutput\" />\r\n        </response>\r\n      </method>\r\n    </resource>\r\n  </resources>\r\n  <authenticationProviders xmlns=\"http://schemas.microsoft.com/MicrosoftProjectSiena/WADL/2014/11\">\r\n    <connectionProvider id=\"PowerAppAuth\" siena:connectionProviderId=\"logicflows\" />\r\n  </authenticationProviders>\r\n  <template xmlns=\"http://schemas.microsoft.com/MicrosoftProjectSiena/WADL/2014/11\">\r\n    <variable name=\"connectionId\">\r\n      <modifyParams style=\"template\" name=\"connectionId\" attribute=\"fixed\" />\r\n    </variable>\r\n  </template>\r\n</application>"},"ApiId":"/providers/microsoft.powerapps/apis/shared_logicflows","FlowNameId":"e53712af-e221-4981-8c00-382ffdb9cf7d","WorkflowEntityId":null}]}