{"Resources":[{"Name":"sad","Schema":"i","IsSampleData":false,"IsWritable":false,"Type":"ResourceInfo","FileName":"ad4a7ac8-9c42-43ea-be79-409f19da0932.png","Path":"Assets\\Images\\ad4a7ac8-9c42-43ea-be79-409f19da0932.png","Content":"Image","ResourceKind":"LocalFile","RootPath":"https://docserverpwaprodeus.blob.core.windows.net/ba7a75a8-a4db-4830-ad60-11ecfcac8335-1/resource/422e145e-2c43-4d21-bbf8-fb0edecc7f3d.png?skoid=58690ece-ec83-4ce2-9ce8-883d4d6a54ee&sktid=975f013f-7f24-47e8-a7d3-abc4752bf346&skt=2023-09-29T06%3A16%3A07Z&ske=2023-09-30T06%3A31%3A07Z&sks=b&skv=2021-08-06&sv=2021-08-06&spr=https&se=2023-09-30T06%3A31%3A07Z&sr=b&sp=r&sig=UrcXvSqh8C4FeFebun1ShW5wdM4nXekArPJ1p9ERuSM%3D"},{"Name":"happy","Schema":"i","IsSampleData":false,"IsWritable":false,"Type":"ResourceInfo","FileName":"fb238dec-5ccf-4d0c-9070-e1b192826060.png","Path":"Assets\\Images\\fb238dec-5ccf-4d0c-9070-e1b192826060.png","Content":"Image","ResourceKind":"LocalFile","RootPath":"https://docserverpwaprodeus.blob.core.windows.net/ba7a75a8-a4db-4830-ad60-11ecfcac8335-1/resource/d349ca72-61fc-42cf-b91a-fc2158dcf491.png?skoid=58690ece-ec83-4ce2-9ce8-883d4d6a54ee&sktid=975f013f-7f24-47e8-a7d3-abc4752bf346&skt=2023-09-29T06%3A16%3A08Z&ske=2023-09-30T06%3A31%3A08Z&sks=b&skv=2021-08-06&sv=2021-08-06&spr=https&se=2023-09-30T06%3A31%3A08Z&sr=b&sp=r&sig=7HtFU2bnV1v6yAo24sqMflfFLOmg0HfDe6hD%2FWJJ5yU%3D"},{"Name":"SampleImage","Schema":"i","IsSampleData":true,"IsWritable":false,"Type":"ResourceInfo","FileName":"/ctrllib/image/images/SampleImage.svg","Path":"/ctrllib/image/images/SampleImage.svg","Content":"Image","ResourceKind":"Uri","RootPath":"ms-appx:///ctrllib/image/images/SampleImage.svg"}]}